,Dow,Tod,SpeedLike
0,5.0,45785,28
1,5.0,46986,12
2,5.0,48186,10
3,5.0,49387,11
4,5.0,50587,7
5,5.0,51787,2
6,5.0,52988,11
7,5.0,54188,4
8,5.0,55388,7
9,5.0,56589,4
10,5.0,57789,3
11,5.0,58990,6
12,5.0,60190,2
13,5.0,61390,13
14,5.0,62591,1
15,5.0,63791,1
16,5.0,64992,3
17,5.0,66192,4
18,5.0,67392,2
19,5.0,68593,7
20,5.0,69793,1
21,5.0,70993,1
22,5.0,72194,3
23,5.0,73394,3
24,5.0,74595,1
25,5.0,75795,1
26,5.0,76995,0
27,5.0,78196,2
28,5.0,79397,1
29,5.0,80597,0
30,5.0,81797,1
31,5.0,82998,0
32,5.0,84198,0
33,5.0,85398,0
34,6.0,199,0
35,6.0,1399,0
36,6.0,2600,0
37,6.0,3800,0
38,6.0,5000,0
39,6.0,6201,0
40,6.0,7401,0
41,6.0,8601,0
42,6.0,9802,0
43,6.0,11002,0
44,6.0,12202,0
45,6.0,13403,0
46,6.0,14603,0
47,6.0,15804,0
48,6.0,17004,0
49,6.0,18204,0
50,6.0,19405,0
51,6.0,20605,0
52,6.0,21806,1
53,6.0,23006,0
54,6.0,24207,0
55,6.0,25407,0
56,6.0,26607,0
57,6.0,27808,0
58,6.0,29009,0
59,6.0,30209,1
60,6.0,31409,0
61,6.0,32609,1
62,6.0,33810,0
63,6.0,35010,1
64,6.0,36211,0
65,6.0,37411,0
66,6.0,38611,1
67,6.0,39812,0
68,6.0,41012,1
69,6.0,42212,1
70,6.0,43413,0
71,6.0,44613,0
72,6.0,45814,1
73,6.0,47014,0
74,6.0,48215,0
75,6.0,49415,0
76,6.0,50616,0
77,6.0,51816,0
78,6.0,53016,0
79,6.0,54217,0
80,6.0,55417,0
81,6.0,56617,0
82,6.0,57818,0
83,6.0,59018,1
84,6.0,60219,0
85,6.0,61419,0
86,6.0,62619,0
87,6.0,63820,0
88,6.0,65020,0
89,6.0,66221,0
90,6.0,67421,1
91,6.0,68622,1
92,6.0,69822,0
93,6.0,71022,0
94,6.0,72223,0
95,6.0,73423,0
96,6.0,74624,0
97,6.0,75824,0
98,6.0,77025,0
99,6.0,78225,0
100,6.0,79425,0
101,6.0,80626,2
102,6.0,81826,0
103,6.0,83026,1
104,6.0,84227,0
105,6.0,85427,0
106,0.0,227,0
107,0.0,1428,0
108,0.0,2628,0
109,0.0,3829,0
110,0.0,5029,0
111,0.0,6230,0
112,0.0,7430,0
113,0.0,8630,0
114,0.0,9831,0
115,0.0,11031,0
116,0.0,12232,0
117,0.0,13432,0
118,0.0,14632,0
119,0.0,15833,0
120,0.0,17033,0
121,0.0,18233,0
122,0.0,19434,0
123,0.0,20634,0
124,0.0,21834,0
125,0.0,23034,0
126,0.0,24235,0
127,0.0,25435,1
128,0.0,26636,0
129,0.0,27836,0
130,0.0,29036,0
131,0.0,30237,0
132,0.0,31437,0
133,0.0,32637,0
134,0.0,33838,0
135,0.0,35038,0
136,0.0,36238,0
137,0.0,37439,0
138,0.0,38639,0
139,0.0,39839,0
140,0.0,41040,0
141,0.0,42240,0
142,0.0,43440,0
143,0.0,44641,0
144,6.0,41012,8
145,6.0,42212,29
146,6.0,43413,19
147,6.0,44613,12
148,6.0,45814,8
149,6.0,47014,6
150,6.0,48215,10
151,6.0,49415,0
152,6.0,50616,1
153,6.0,51816,5
154,6.0,53016,2
155,6.0,54217,0
156,6.0,55417,0
157,6.0,56617,2
158,6.0,57818,4
159,6.0,59018,1
160,6.0,60219,5
161,6.0,61419,1
162,6.0,62619,1
163,6.0,63820,1
164,6.0,65020,2
165,6.0,66221,1
166,6.0,67421,1
167,6.0,68622,1
168,6.0,69822,2
169,6.0,71022,3
170,6.0,72223,1
171,6.0,73423,7
172,6.0,74624,0
173,6.0,75824,2
174,6.0,77025,0
175,6.0,78225,1
176,6.0,79425,0
177,6.0,80626,1
178,6.0,81826,2
179,6.0,83026,0
180,6.0,84227,0
181,6.0,85427,0
182,0.0,227,1
183,0.0,1428,0
184,0.0,2628,0
185,0.0,3829,0
186,0.0,5029,0
187,0.0,6230,0
188,0.0,7430,0
189,0.0,8630,0
190,0.0,9831,0
191,0.0,11031,0
192,0.0,12232,0
193,0.0,13432,0
194,0.0,14632,0
195,0.0,15833,0
196,0.0,17033,0
197,0.0,18233,0
198,0.0,19434,0
199,0.0,20634,0
200,0.0,21834,1
201,0.0,23034,0
202,0.0,24235,0
203,0.0,25435,1
204,0.0,26636,0
205,0.0,27836,0
206,0.0,29036,0
207,0.0,30237,0
208,0.0,31437,0
209,0.0,32637,0
210,0.0,33838,0
211,0.0,35038,0
212,0.0,36238,0
213,0.0,37439,0
214,0.0,38639,0
215,0.0,39839,1
216,0.0,41040,0
217,0.0,42240,1
218,0.0,43440,1
219,0.0,44641,0
220,0.0,45841,1
221,0.0,47041,0
222,0.0,48242,0
223,0.0,49442,0
224,0.0,50642,0
225,0.0,51843,0
226,0.0,53043,0
227,0.0,54244,0
228,0.0,55444,0
229,0.0,56644,0
230,0.0,57845,0
231,0.0,59045,0
232,0.0,60246,0
233,0.0,61446,0
234,0.0,62646,0
235,0.0,63848,0
236,0.0,65049,0
237,0.0,66249,0
238,0.0,67449,0
239,0.0,68650,0
240,0.0,69850,0
241,0.0,71051,0
242,0.0,72251,0
243,0.0,73452,0
244,0.0,74653,0
245,0.0,75853,0
246,0.0,77053,0
247,0.0,78254,0
248,0.0,79454,0
249,0.0,80655,0
250,0.0,81855,0
251,0.0,83056,0
252,0.0,84256,1
253,0.0,85456,1
254,1.0,257,0
255,1.0,1457,0
256,1.0,2658,0
257,1.0,3858,0
258,1.0,5059,0
259,1.0,6259,0
260,1.0,7460,0
261,1.0,8660,0
262,1.0,9860,0
263,1.0,11061,0
264,1.0,12261,0
265,1.0,13462,0
266,1.0,14662,0
267,1.0,15863,0
268,1.0,17063,0
269,1.0,18263,0
270,1.0,19464,1
271,1.0,20664,0
272,1.0,21864,0
273,1.0,23065,0
274,1.0,24266,0
275,1.0,25466,0
276,6.0,31409,26
277,6.0,32609,29
278,6.0,33810,13
279,6.0,35010,9
280,6.0,36211,5
281,6.0,37411,5
282,6.0,38611,7
283,6.0,39812,10
284,6.0,41012,5
285,6.0,42212,6
286,6.0,43413,5
287,6.0,44613,5
288,6.0,45814,0
289,6.0,47014,2
290,6.0,48215,3
291,6.0,49415,3
292,6.0,50616,1
293,6.0,51816,0
294,6.0,53016,2
295,6.0,54217,2
296,6.0,55417,0
297,6.0,56617,1
298,6.0,57818,0
299,6.0,59018,1
300,6.0,60219,1
301,6.0,61419,1
302,6.0,62619,0
303,6.0,63820,1
304,6.0,65020,2
305,6.0,66221,1
306,6.0,67421,2
307,6.0,68622,1
308,6.0,69822,2
309,6.0,71022,1
310,6.0,72223,1
311,6.0,73423,4
312,6.0,74624,1
313,6.0,75824,1
314,6.0,77025,2
315,6.0,78225,1
316,6.0,79425,0
317,6.0,80626,2
318,6.0,81826,2
319,6.0,83026,0
320,6.0,84227,0
321,6.0,85427,0
322,0.0,227,1
323,0.0,1428,0
324,0.0,2628,0
325,0.0,3829,0
326,0.0,5029,0
327,0.0,6230,0
328,0.0,7430,0
329,0.0,8630,0
330,0.0,9831,0
331,0.0,11031,0
332,0.0,12232,0
333,0.0,13432,0
334,0.0,14632,0
335,0.0,15833,0
336,0.0,17033,0
337,0.0,18233,0
338,0.0,19434,0
339,0.0,20634,0
340,0.0,21834,1
341,0.0,23034,0
342,0.0,24235,0
343,0.0,25435,1
344,0.0,26636,1
345,0.0,27836,0
346,0.0,29036,0
347,0.0,30237,0
348,0.0,31437,0
349,0.0,32637,0
350,0.0,33838,0
351,0.0,35038,0
352,0.0,36238,0
353,0.0,37439,1
354,0.0,38639,0
355,0.0,39839,1
356,0.0,41040,0
357,0.0,42240,0
358,0.0,43440,0
359,0.0,44641,0
360,0.0,45841,0
361,0.0,47041,0
362,0.0,48242,0
363,0.0,49442,0
364,0.0,50642,0
365,0.0,51843,0
366,0.0,53043,0
367,0.0,54244,0
368,0.0,55444,0
369,0.0,56644,0
370,0.0,57845,0
371,0.0,59045,0
372,0.0,60246,1
373,0.0,61446,0
374,0.0,62646,1
375,0.0,63848,0
376,0.0,65049,0
377,0.0,66249,0
378,0.0,67449,0
379,0.0,68650,0
380,0.0,69850,0
381,0.0,71051,0
382,0.0,72251,0
383,0.0,73452,0
384,0.0,74653,0
385,0.0,75853,0
386,0.0,77053,0
387,0.0,78254,0
388,0.0,79454,0
389,0.0,80655,0
390,0.0,81855,0
391,0.0,83056,0
392,0.0,84256,0
393,0.0,85456,0
394,1.0,257,1
395,1.0,1457,0
396,1.0,2658,0
397,1.0,3858,0
398,1.0,5059,0
399,1.0,6259,0
400,1.0,7460,0
401,1.0,8660,0
402,1.0,9860,0
403,1.0,11061,0
404,1.0,12261,0
405,1.0,13462,0
406,1.0,14662,0
407,1.0,15863,1
408,1.0,17063,0
409,1.0,18263,0
410,1.0,19464,1
411,1.0,20664,0
412,1.0,21864,0
413,1.0,23065,0
414,1.0,24266,0
415,1.0,25466,0
416,0.0,27836,33
417,0.0,29036,14
418,0.0,30237,16
419,0.0,31437,14
420,0.0,32637,7
421,0.0,33838,9
422,0.0,35038,4
423,0.0,36238,5
424,0.0,37439,8
425,0.0,38639,5
426,0.0,39839,7
427,0.0,41040,3
428,0.0,42240,5
429,0.0,43440,5
430,0.0,44641,0
431,0.0,45841,3
432,0.0,47041,0
433,0.0,48242,3
434,0.0,49442,2
435,0.0,50642,2
436,0.0,51843,1
437,0.0,53043,0
438,0.0,54244,3
439,0.0,55444,2
440,0.0,56644,0
441,0.0,57845,1
442,0.0,59045,1
443,0.0,60246,1
444,0.0,61446,0
445,0.0,62646,1
446,0.0,63848,0
447,0.0,65049,1
448,0.0,66249,1
449,0.0,67449,1
450,0.0,68650,0
451,0.0,69850,0
452,0.0,71051,1
453,0.0,72251,1
454,0.0,73452,2
455,0.0,74653,1
456,0.0,75853,1
457,0.0,77053,2
458,0.0,78254,1
459,0.0,79454,1
460,0.0,80655,0
461,0.0,81855,0
462,0.0,83056,1
463,0.0,84256,0
464,0.0,85456,0
465,1.0,257,0
466,1.0,1457,1
467,1.0,2658,1
468,1.0,3858,0
469,1.0,5059,0
470,1.0,6259,1
471,1.0,7460,0
472,1.0,8660,0
473,1.0,9860,0
474,1.0,11061,0
475,1.0,12261,0
476,1.0,13462,0
477,1.0,14662,0
478,1.0,15863,0
479,1.0,17063,0
480,1.0,18263,0
481,1.0,19464,0
482,1.0,20664,0
483,1.0,21864,0
484,1.0,23065,0
485,1.0,24266,0
486,1.0,25466,1
487,0.0,35038,10
488,0.0,36238,37
489,0.0,37439,22
490,0.0,38639,13
491,0.0,39839,3
492,0.0,41040,6
493,0.0,42240,3
494,0.0,43440,7
495,0.0,44641,1
496,0.0,45841,5
497,0.0,47041,3
498,0.0,48242,1
499,0.0,49442,2
500,0.0,50642,3
501,0.0,51843,4
502,0.0,53043,0
503,0.0,54244,9
504,0.0,55444,2
505,0.0,56644,1
506,0.0,57845,3
507,0.0,59045,1
508,0.0,60246,2
509,0.0,61446,1
510,0.0,62646,0
511,0.0,63848,1
512,0.0,65049,2
513,0.0,66249,1
514,0.0,67449,0
515,0.0,68650,0
516,0.0,69850,0
517,0.0,71051,2
518,0.0,72251,1
519,0.0,73452,2
520,0.0,74653,1
521,0.0,75853,2
522,0.0,77053,2
523,0.0,78254,0
524,0.0,79454,1
525,0.0,80655,0
526,0.0,81855,0
527,0.0,83056,2
528,0.0,84256,0
529,0.0,85456,0
530,1.0,257,0
531,1.0,1457,1
532,1.0,2658,1
533,1.0,3858,1
534,1.0,5059,0
535,1.0,6259,1
536,1.0,7460,0
537,1.0,8660,0
538,1.0,9860,0
539,1.0,11061,0
540,1.0,12261,0
541,1.0,13462,0
542,1.0,14662,0
543,1.0,15863,0
544,1.0,17063,0
545,1.0,18263,0
546,1.0,19464,0
547,1.0,20664,0
548,1.0,21864,0
549,1.0,23065,0
550,1.0,24266,0
551,1.0,25466,0
552,0.0,57845,27
553,0.0,59045,14
554,0.0,60246,8
555,0.0,61446,6
556,0.0,62646,6
557,0.0,63848,6
558,0.0,65049,4
559,0.0,66249,3
560,0.0,67449,1
561,0.0,68650,3
562,0.0,69850,5
563,0.0,71051,3
564,0.0,72251,2
565,0.0,73452,7
566,0.0,74653,1
567,0.0,75853,3
568,0.0,77053,3
569,0.0,78254,2
570,0.0,79454,1
571,0.0,80655,1
572,0.0,81855,4
573,0.0,83056,1
574,0.0,84256,0
575,0.0,85456,0
576,1.0,257,1
577,1.0,1457,0
578,1.0,2658,1
579,1.0,3858,1
580,1.0,5059,0
581,1.0,6259,1
582,1.0,7460,0
583,1.0,8660,0
584,1.0,9860,0
585,1.0,11061,0
586,1.0,12261,0
587,1.0,13462,0
588,1.0,14662,0
589,1.0,15863,0
590,1.0,17063,1
591,1.0,18263,0
592,1.0,19464,0
593,1.0,20664,1
594,1.0,21864,1
595,1.0,23065,0
596,1.0,24266,1
597,1.0,25466,0
598,5.0,31196,135
599,5.0,32397,0
600,5.0,31196,167
601,5.0,32397,0
602,5.0,33597,0
603,5.0,34797,0
604,5.0,35998,1
605,5.0,37198,0
606,5.0,38398,0
607,5.0,39599,0
608,5.0,40799,0
609,5.0,41999,0
610,5.0,43200,0
611,5.0,44400,0
612,5.0,45600,0
613,5.0,46801,0
614,5.0,48001,0
615,5.0,49201,0
616,5.0,50402,0
617,5.0,51602,0
618,5.0,52802,0
619,5.0,54003,0
620,5.0,55203,0
621,5.0,56403,0
622,5.0,57603,0
623,5.0,58804,1
624,5.0,60004,0
625,5.0,61204,0
626,5.0,62405,0
627,5.0,63605,0
628,5.0,64806,1
629,5.0,66006,0
630,5.0,67206,0
631,5.0,68406,0
632,5.0,69607,0
633,5.0,70807,0
634,5.0,72008,0
635,5.0,73208,1
636,5.0,74408,0
637,5.0,75609,0
638,5.0,76809,0
639,5.0,78009,0
640,5.0,79210,0
641,5.0,80410,1
642,5.0,81610,0
643,5.0,82811,0
644,5.0,84011,0
645,5.0,85211,0
646,6.0,12,0
647,6.0,1212,0
648,6.0,2413,0
649,6.0,3613,0
650,6.0,4813,0
651,6.0,6014,0
652,6.0,7214,0
653,6.0,8415,0
654,6.0,9615,0
655,6.0,10815,0
656,6.0,12015,0
657,6.0,13216,0
658,6.0,14416,0
659,6.0,15616,0
660,6.0,16817,0
661,6.0,18017,0
662,6.0,19218,0
663,6.0,20418,0
664,6.0,21618,0
665,6.0,22819,0
666,6.0,24019,0
667,5.0,31196,120
668,5.0,32397,0
669,5.0,33597,0
670,5.0,34797,1
671,5.0,35998,0
672,5.0,37198,1
673,5.0,38398,0
674,5.0,39599,1
675,5.0,40799,0
676,5.0,41999,0
677,5.0,43200,0
678,5.0,44400,0
679,5.0,45600,0
680,5.0,46801,0
681,5.0,48001,0
682,5.0,49201,0
683,5.0,50402,0
684,5.0,51602,0
685,5.0,52802,0
686,5.0,54003,0
687,5.0,55203,0
688,5.0,56403,0
689,5.0,57603,0
690,5.0,58804,1
691,5.0,60004,0
692,5.0,61204,1
693,5.0,62405,0
694,5.0,63605,0
695,5.0,64806,1
696,5.0,66006,0
697,5.0,67206,0
698,5.0,68406,0
699,5.0,69607,0
700,5.0,70807,0
701,5.0,72008,0
702,5.0,73208,1
703,5.0,74408,0
704,5.0,75609,0
705,5.0,76809,0
706,5.0,78009,0
707,5.0,79210,0
708,5.0,80410,0
709,5.0,81610,0
710,5.0,82811,0
711,5.0,84011,0
712,5.0,85211,0
713,6.0,12,0
714,6.0,1212,0
715,6.0,2413,0
716,6.0,3613,0
717,6.0,4813,0
718,6.0,6014,0
719,6.0,7214,0
720,6.0,8415,0
721,6.0,9615,0
722,6.0,10815,0
723,6.0,12015,0
724,6.0,13216,0
725,6.0,14416,0
726,6.0,15616,0
727,6.0,16817,0
728,6.0,18017,0
729,6.0,19218,0
730,6.0,20418,0
731,6.0,21618,0
732,6.0,22819,0
733,6.0,24019,0
734,6.0,25219,0
735,6.0,26420,0
736,6.0,27620,0
737,6.0,28821,0
738,6.0,30021,0
739,6.0,31221,0
740,6.0,32422,0
741,6.0,33622,0
742,6.0,34822,0
743,6.0,36023,0
744,6.0,37223,0
745,6.0,38424,0
746,6.0,39624,0
747,5.0,34797,32
748,5.0,35998,19
749,5.0,37198,13
750,5.0,38398,4
751,5.0,39599,5
752,5.0,40799,5
753,5.0,41999,7
754,5.0,43200,5
755,5.0,44400,5
756,5.0,45600,3
757,5.0,46801,1
758,5.0,48001,3
759,5.0,49201,4
760,5.0,50402,3
761,5.0,51602,3
762,5.0,52802,5
763,5.0,54003,1
764,5.0,55203,4
765,5.0,56403,1
766,5.0,57603,1
767,5.0,58804,1
768,5.0,60004,2
769,5.0,61204,1
770,5.0,62405,0
771,5.0,63605,2
772,5.0,64806,3
773,5.0,66006,1
774,5.0,67206,2
775,5.0,68406,3
776,5.0,69607,1
777,5.0,70807,0
778,5.0,72008,4
779,5.0,73208,0
780,5.0,74408,3
781,5.0,75609,0
782,5.0,76809,0
783,5.0,78009,1
784,5.0,79210,0
785,5.0,80410,0
786,5.0,81610,0
787,5.0,82811,0
788,5.0,84011,1
789,5.0,85211,0
790,6.0,12,0
791,6.0,1212,0
792,6.0,2413,0
793,6.0,3613,0
794,6.0,4813,0
795,6.0,6014,0
796,6.0,7214,0
797,6.0,8415,0
798,6.0,9615,0
799,6.0,10815,0
800,6.0,12015,0
801,6.0,13216,0
802,6.0,14416,0
803,6.0,15616,1
804,6.0,16817,0
805,6.0,18017,0
806,6.0,19218,0
807,6.0,20418,0
808,6.0,21618,0
809,6.0,22819,0
810,6.0,24019,0
811,6.0,25219,0
812,6.0,26420,0
813,6.0,27620,1
814,6.0,28821,0
815,6.0,30021,0
816,6.0,31221,0
817,6.0,32422,0
818,6.0,33622,0
819,6.0,34822,0
820,6.0,36023,0
821,6.0,37223,0
822,6.0,38424,0
823,6.0,39624,1
824,6.0,40824,0
825,6.0,42025,1
826,6.0,43225,0
827,6.0,44425,0
828,6.0,45626,0
829,6.0,46826,1
830,6.0,48026,1
831,6.0,49227,2
832,6.0,50427,0
833,6.0,51628,0
834,6.0,52828,0
835,6.0,54028,0
836,6.0,55229,0
837,6.0,56429,0
838,6.0,57629,0
839,6.0,58830,0
840,6.0,60030,0
841,6.0,61230,0
842,6.0,62431,0
843,6.0,63631,0
844,6.0,64831,0
845,6.0,66032,0
846,6.0,67232,0
847,6.0,68432,0
848,6.0,69633,0
849,6.0,70833,0
850,6.0,72033,0
851,6.0,73234,0
852,6.0,74434,0
853,6.0,75634,0
854,6.0,76835,0
855,6.0,78035,0
856,6.0,79235,0
857,6.0,80436,0
858,6.0,81636,0
859,6.0,82836,0
860,6.0,84037,0
861,6.0,85237,0
862,0.0,37,0
863,0.0,1238,0
864,0.0,2438,0
865,0.0,3638,0
866,0.0,4839,0
867,0.0,6039,0
868,0.0,7239,0
869,0.0,8442,0
870,0.0,9642,0
871,0.0,10843,1
872,0.0,12043,0
873,0.0,13243,0
874,0.0,14444,0
875,0.0,15644,0
876,0.0,16844,0
877,0.0,18045,0
878,0.0,19245,0
879,0.0,20445,0
880,0.0,21645,0
881,0.0,22846,0
882,0.0,24046,0
883,0.0,25246,0
884,0.0,26446,0
885,0.0,27647,0
886,0.0,28847,1
887,0.0,30047,0
888,0.0,31248,0
889,0.0,32448,0
890,0.0,33648,0
891,5.0,44400,2
892,5.0,45600,17
893,5.0,46801,8
894,5.0,48001,4
895,5.0,49201,9
896,5.0,50402,7
897,5.0,51602,7
898,5.0,52802,6
899,5.0,54003,5
900,5.0,55203,6
901,5.0,56403,2
902,5.0,57603,2
903,5.0,58804,4
904,5.0,60004,5
905,5.0,61204,4
906,5.0,62405,3
907,5.0,63605,1
908,5.0,64806,3
909,5.0,66006,4
910,5.0,67206,3
911,5.0,68406,4
912,5.0,69607,3
913,5.0,70807,2
914,5.0,72008,5
915,5.0,73208,2
916,5.0,74408,4
917,5.0,75609,1
918,5.0,76809,1
919,5.0,78009,1
920,5.0,79210,0
921,5.0,80410,1
922,5.0,81610,1
923,5.0,82811,0
924,5.0,84011,0
925,5.0,85211,0
926,6.0,12,0
927,6.0,1212,0
928,6.0,2413,0
929,6.0,3613,0
930,6.0,4813,0
931,6.0,6014,0
932,6.0,7214,0
933,6.0,8415,0
934,6.0,9615,0
935,6.0,10815,0
936,6.0,12015,0
937,6.0,13216,0
938,6.0,14416,0
939,6.0,15616,0
940,6.0,16817,0
941,6.0,18017,0
942,6.0,19218,0
943,6.0,20418,0
944,6.0,21618,1
945,6.0,22819,0
946,6.0,24019,0
947,6.0,25219,0
948,6.0,26420,0
949,6.0,27620,0
950,6.0,28821,0
951,6.0,30021,0
952,6.0,31221,0
953,6.0,32422,0
954,6.0,33622,0
955,6.0,34822,0
956,6.0,36023,0
957,6.0,37223,0
958,6.0,38424,0
959,6.0,39624,1
960,6.0,40824,0
961,6.0,42025,1
962,6.0,43225,0
963,6.0,44425,0
964,6.0,45626,0
965,6.0,46826,1
966,6.0,48026,1
967,6.0,49227,0
968,6.0,50427,0
969,6.0,51628,0
970,6.0,52828,0
971,6.0,54028,0
972,6.0,55229,0
973,6.0,56429,1
974,6.0,57629,1
975,6.0,58830,0
976,6.0,60030,0
977,6.0,61230,0
978,6.0,62431,0
979,6.0,63631,0
980,6.0,64831,0
981,6.0,66032,0
982,6.0,67232,0
983,6.0,68432,0
984,6.0,69633,0
985,6.0,70833,-1
986,6.0,72033,0
987,6.0,73234,0
988,6.0,74434,0
989,6.0,75634,0
990,6.0,76835,0
991,6.0,78035,0
992,6.0,79235,0
993,6.0,80436,0
994,6.0,81636,0
995,6.0,82836,0
996,6.0,84037,0
997,6.0,85237,0
998,0.0,37,0
999,0.0,1238,0
1000,0.0,2438,0
1001,0.0,3638,0
1002,0.0,4839,0
1003,0.0,6039,0
1004,0.0,7239,0
1005,0.0,8442,0
1006,0.0,9642,0
1007,0.0,10843,1
1008,0.0,12043,0
1009,0.0,13243,0
1010,0.0,14444,0
1011,0.0,15644,0
1012,0.0,16844,0
1013,0.0,18045,0
1014,0.0,19245,0
1015,0.0,20445,0
1016,0.0,21645,0
1017,0.0,22846,0
1018,0.0,24046,0
1019,0.0,25246,0
1020,0.0,26446,0
1021,0.0,27647,0
1022,0.0,28847,0
1023,0.0,30047,0
1024,0.0,31248,0
1025,0.0,32448,0
1026,0.0,33648,0
1027,0.0,34849,0
1028,0.0,36049,0
1029,0.0,37249,0
1030,0.0,38450,0
1031,0.0,39650,0
1032,0.0,40850,0
1033,0.0,42051,0
1034,0.0,43251,0
1035,6.0,48026,2
1036,6.0,49227,29
1037,6.0,50427,13
1038,6.0,51628,17
1039,6.0,52828,7
1040,6.0,54028,7
1041,6.0,55229,5
1042,6.0,56429,8
1043,6.0,57629,3
1044,6.0,58830,2
1045,6.0,60030,11
1046,6.0,61230,0
1047,6.0,62431,5
1048,6.0,63631,2
1049,6.0,64831,6
1050,6.0,66032,3
1051,6.0,67232,2
1052,6.0,68432,1
1053,6.0,69633,1
1054,6.0,70833,5
1055,6.0,72033,1
1056,6.0,73234,2
1057,6.0,74434,3
1058,6.0,75634,1
1059,6.0,76835,3
1060,6.0,78035,0
1061,6.0,79235,0
1062,6.0,80436,2
1063,6.0,81636,3
1064,6.0,82836,0
1065,6.0,84037,0
1066,6.0,85237,0
1067,0.0,37,0
1068,0.0,1238,0
1069,0.0,2438,1
1070,0.0,3638,0
1071,0.0,4839,1
1072,0.0,6039,0
1073,0.0,7239,0
1074,0.0,8442,0
1075,0.0,9642,0
1076,0.0,10843,1
1077,0.0,12043,0
1078,0.0,13243,0
1079,0.0,14444,0
1080,0.0,15644,0
1081,0.0,16844,0
1082,0.0,18045,2
1083,0.0,19245,0
1084,0.0,20445,1
1085,0.0,21645,1
1086,0.0,22846,0
1087,0.0,24046,0
1088,0.0,25246,0
1089,0.0,26446,0
1090,0.0,27647,0
1091,0.0,28847,1
1092,0.0,30047,0
1093,0.0,31248,0
1094,0.0,32448,0
1095,0.0,33648,1
1096,0.0,34849,0
1097,0.0,36049,0
1098,0.0,37249,0
1099,0.0,38450,0
1100,0.0,39650,0
1101,0.0,40850,0
1102,0.0,42051,0
1103,0.0,43251,0
1104,0.0,44452,0
1105,0.0,45652,0
1106,0.0,46852,0
1107,0.0,48053,1
1108,0.0,49253,0
1109,0.0,50453,1
1110,0.0,51654,0
1111,0.0,52854,0
1112,0.0,54054,0
1113,0.0,55255,0
1114,0.0,56455,1
1115,0.0,57655,0
1116,0.0,58856,0
1117,0.0,60056,0
1118,0.0,61256,0
1119,0.0,62457,0
1120,0.0,63657,0
1121,0.0,64857,1
1122,0.0,66058,0
1123,0.0,67258,0
1124,0.0,68458,0
1125,0.0,69659,0
1126,0.0,70859,0
1127,0.0,72059,0
1128,0.0,73260,0
1129,0.0,74460,1
1130,0.0,75660,0
1131,0.0,76861,1
1132,0.0,78061,0
1133,0.0,79261,1
1134,0.0,80462,0
1135,0.0,81662,0
1136,0.0,82862,0
1137,0.0,84063,0
1138,0.0,85263,0
1139,1.0,63,0
1140,1.0,1264,0
1141,1.0,2464,0
1142,1.0,3665,0
1143,1.0,4865,0
1144,1.0,6065,0
1145,1.0,7266,0
1146,1.0,8466,0
1147,1.0,9666,0
1148,1.0,10867,0
1149,1.0,12067,0
1150,1.0,13267,0
1151,1.0,14468,0
1152,1.0,15668,0
1153,1.0,16868,0
1154,1.0,18069,0
1155,1.0,19269,0
1156,1.0,20469,0
1157,1.0,21670,0
1158,1.0,22870,0
1159,1.0,24071,0
1160,1.0,25271,0
1161,1.0,26471,0
1162,1.0,27671,1
1163,1.0,28872,0
1164,1.0,30072,0
1165,1.0,31272,0
1166,1.0,32473,0
1167,1.0,33673,0
1168,1.0,34873,0
1169,1.0,36074,0
1170,1.0,37274,0
1171,1.0,38474,0
1172,1.0,39675,0
1173,1.0,40875,0
1174,1.0,42075,0
1175,1.0,43276,0
1176,1.0,44476,1
1177,1.0,45677,0
1178,1.0,46877,0
1179,6.0,68432,17
1180,6.0,69633,16
1181,6.0,70833,11
1182,6.0,72033,9
1183,6.0,73234,11
1184,6.0,74434,9
1185,6.0,75634,11
1186,6.0,76835,5
1187,6.0,78035,4
1188,6.0,79235,1
1189,6.0,80436,9
1190,6.0,81636,3
1191,6.0,82836,4
1192,6.0,84037,0
1193,6.0,85237,2
1194,0.0,37,0
1195,0.0,1238,0
1196,0.0,2438,1
1197,0.0,3638,0
1198,0.0,4839,0
1199,0.0,6039,0
1200,0.0,7239,0
1201,0.0,8442,0
1202,0.0,9642,0
1203,0.0,10843,2
1204,0.0,12043,1
1205,0.0,13243,0
1206,0.0,14444,0
1207,0.0,15644,1
1208,0.0,16844,0
1209,0.0,18045,2
1210,0.0,19245,1
1211,0.0,20445,1
1212,0.0,21645,1
1213,0.0,22846,1
1214,0.0,24046,1
1215,0.0,25246,1
1216,0.0,26446,3
1217,0.0,27647,2
1218,0.0,28847,2
1219,0.0,30047,0
1220,0.0,31248,0
1221,0.0,32448,0
1222,0.0,33648,2
1223,0.0,34849,1
1224,0.0,36049,1
1225,0.0,37249,0
1226,0.0,38450,0
1227,0.0,39650,1
1228,0.0,40850,0
1229,0.0,42051,0
1230,0.0,43251,0
1231,0.0,44452,0
1232,0.0,45652,0
1233,0.0,46852,1
1234,0.0,48053,0
1235,0.0,49253,0
1236,0.0,50453,2
1237,0.0,51654,1
1238,0.0,52854,1
1239,0.0,54054,0
1240,0.0,55255,0
1241,0.0,56455,1
1242,0.0,57655,0
1243,0.0,58856,0
1244,0.0,60056,0
1245,0.0,61256,0
1246,0.0,62457,0
1247,0.0,63657,0
1248,0.0,64857,0
1249,0.0,66058,0
1250,0.0,67258,0
1251,0.0,68458,0
1252,0.0,69659,0
1253,0.0,70859,0
1254,0.0,72059,0
1255,0.0,73260,0
1256,0.0,74460,1
1257,0.0,75660,0
1258,0.0,76861,1
1259,0.0,78061,0
1260,0.0,79261,1
1261,0.0,80462,0
1262,0.0,81662,0
1263,0.0,82862,0
1264,0.0,84063,0
1265,0.0,85263,0
1266,1.0,63,0
1267,1.0,1264,0
1268,1.0,2464,0
1269,1.0,3665,0
1270,1.0,4865,0
1271,1.0,6065,0
1272,1.0,7266,0
1273,1.0,8466,0
1274,1.0,9666,0
1275,1.0,10867,0
1276,1.0,12067,0
1277,1.0,13267,0
1278,1.0,14468,0
1279,1.0,15668,0
1280,1.0,16868,0
1281,1.0,18069,0
1282,1.0,19269,0
1283,1.0,20469,0
1284,1.0,21670,0
1285,1.0,22870,0
1286,1.0,24071,0
1287,1.0,25271,0
1288,1.0,26471,0
1289,1.0,27671,1
1290,1.0,28872,0
1291,1.0,30072,0
1292,1.0,31272,0
1293,1.0,32473,0
1294,1.0,33673,0
1295,1.0,34873,0
1296,1.0,36074,0
1297,1.0,37274,0
1298,1.0,38474,0
1299,1.0,39675,1
1300,1.0,40875,0
1301,1.0,42075,0
1302,1.0,43276,0
1303,1.0,44476,1
1304,1.0,45677,0
1305,1.0,46877,0
1306,1.0,48077,0
1307,1.0,49277,0
1308,1.0,50478,0
1309,1.0,51678,0
1310,1.0,52879,0
1311,1.0,54079,0
1312,1.0,55279,0
1313,1.0,56480,0
1314,1.0,57680,0
1315,1.0,58881,0
1316,1.0,60081,0
1317,1.0,61281,0
1318,1.0,62482,0
1319,1.0,63682,0
1320,1.0,64882,0
1321,1.0,66083,0
1322,1.0,67283,0
1323,6.0,63631,9
1324,6.0,64831,28
1325,6.0,66032,10
1326,6.0,67232,10
1327,6.0,68432,12
1328,6.0,69633,1
1329,6.0,70833,5
1330,6.0,72033,2
1331,6.0,73234,6
1332,6.0,74434,5
1333,6.0,75634,3
1334,6.0,76835,2
1335,6.0,78035,2
1336,6.0,79235,2
1337,6.0,80436,5
1338,6.0,81636,2
1339,6.0,82836,2
1340,6.0,84037,1
1341,6.0,85237,1
1342,0.0,37,0
1343,0.0,1238,0
1344,0.0,2438,0
1345,0.0,3638,0
1346,0.0,4839,0
1347,0.0,6039,0
1348,0.0,7239,0
1349,0.0,8442,0
1350,0.0,9642,0
1351,0.0,10843,1
1352,0.0,12043,0
1353,0.0,13243,0
1354,0.0,14444,0
1355,0.0,15644,1
1356,0.0,16844,0
1357,0.0,18045,1
1358,0.0,19245,0
1359,0.0,20445,1
1360,0.0,21645,0
1361,0.0,22846,0
1362,0.0,24046,0
1363,0.0,25246,1
1364,0.0,26446,0
1365,0.0,27647,0
1366,0.0,28847,1
1367,0.0,30047,0
1368,0.0,31248,0
1369,0.0,32448,0
1370,0.0,33648,1
1371,0.0,34849,0
1372,0.0,36049,2
1373,0.0,37249,0
1374,0.0,38450,0
1375,0.0,39650,0
1376,0.0,40850,1
1377,0.0,42051,0
1378,0.0,43251,0
1379,0.0,44452,0
1380,0.0,45652,0
1381,0.0,46852,1
1382,0.0,48053,0
1383,0.0,49253,0
1384,0.0,50453,2
1385,0.0,51654,0
1386,0.0,52854,0
1387,0.0,54054,0
1388,0.0,55255,0
1389,0.0,56455,1
1390,0.0,57655,0
1391,0.0,58856,0
1392,0.0,60056,0
1393,0.0,61256,0
1394,0.0,62457,0
1395,0.0,63657,0
1396,0.0,64857,0
1397,0.0,66058,0
1398,0.0,67258,0
1399,0.0,68458,0
1400,0.0,69659,0
1401,0.0,70859,0
1402,0.0,72059,0
1403,0.0,73260,0
1404,0.0,74460,1
1405,0.0,75660,0
1406,0.0,76861,1
1407,0.0,78061,0
1408,0.0,79261,1
1409,0.0,80462,0
1410,0.0,81662,0
1411,0.0,82862,0
1412,0.0,84063,0
1413,0.0,85263,0
1414,1.0,63,0
1415,1.0,1264,0
1416,1.0,2464,0
1417,1.0,3665,0
1418,1.0,4865,0
1419,1.0,6065,0
1420,1.0,7266,0
1421,1.0,8466,0
1422,1.0,9666,0
1423,1.0,10867,0
1424,1.0,12067,0
1425,1.0,13267,0
1426,1.0,14468,0
1427,1.0,15668,0
1428,1.0,16868,0
1429,1.0,18069,0
1430,1.0,19269,0
1431,1.0,20469,0
1432,1.0,21670,0
1433,1.0,22870,0
1434,1.0,24071,0
1435,1.0,25271,0
1436,1.0,26471,0
1437,1.0,27671,1
1438,1.0,28872,0
1439,1.0,30072,0
1440,1.0,31272,0
1441,1.0,32473,0
1442,1.0,33673,0
1443,1.0,34873,0
1444,1.0,36074,0
1445,1.0,37274,0
1446,1.0,38474,0
1447,1.0,39675,1
1448,1.0,40875,0
1449,1.0,42075,0
1450,1.0,43276,0
1451,1.0,44476,1
1452,1.0,45677,0
1453,1.0,46877,0
1454,1.0,48077,0
1455,1.0,49277,0
1456,1.0,50478,0
1457,1.0,51678,0
1458,1.0,52879,0
1459,1.0,54079,0
1460,1.0,55279,0
1461,1.0,56480,0
1462,1.0,57680,0
1463,1.0,58881,0
1464,1.0,60081,0
1465,1.0,61281,0
1466,1.0,62482,0
1467,0.0,28847,27
1468,0.0,30047,11
1469,0.0,31248,8
1470,0.0,32448,3
1471,0.0,33648,4
1472,0.0,34849,4
1473,0.0,36049,6
1474,0.0,37249,3
1475,0.0,38450,6
1476,0.0,39650,4
1477,0.0,40850,4
1478,0.0,42051,1
1479,0.0,43251,2
1480,0.0,44452,1
1481,0.0,45652,3
1482,0.0,46852,1
1483,0.0,48053,2
1484,0.0,49253,1
1485,0.0,50453,3
1486,0.0,51654,1
1487,0.0,52854,1
1488,0.0,54054,1
1489,0.0,55255,1
1490,0.0,56455,2
1491,0.0,57655,1
1492,0.0,58856,2
1493,0.0,60056,0
1494,0.0,61256,0
1495,0.0,62457,0
1496,0.0,63657,0
1497,0.0,64857,1
1498,0.0,66058,1
1499,0.0,67258,0
1500,0.0,68458,1
1501,0.0,69659,0
1502,0.0,70859,1
1503,0.0,72059,1
1504,0.0,73260,0
1505,0.0,74460,1
1506,0.0,75660,0
1507,0.0,76861,2
1508,0.0,78061,1
1509,0.0,79261,2
1510,0.0,80462,0
1511,0.0,81662,0
1512,0.0,82862,1
1513,0.0,84063,0
1514,0.0,85263,1
1515,1.0,63,0
1516,1.0,1264,0
1517,1.0,2464,0
1518,1.0,3665,0
1519,1.0,4865,0
1520,1.0,6065,0
1521,1.0,7266,0
1522,1.0,8466,0
1523,1.0,9666,0
1524,1.0,10867,0
1525,1.0,12067,0
1526,1.0,13267,0
1527,1.0,14468,0
1528,1.0,15668,0
1529,1.0,16868,0
1530,1.0,18069,0
1531,1.0,19269,0
1532,1.0,20469,0
1533,1.0,21670,0
1534,1.0,22870,0
1535,1.0,24071,0
1536,1.0,25271,0
1537,1.0,26471,0
1538,1.0,27671,1
1539,1.0,28872,0
1540,1.0,30072,0
1541,1.0,31272,0
1542,1.0,32473,0
1543,1.0,33673,0
1544,1.0,34873,0
1545,1.0,36074,0
1546,1.0,37274,0
1547,1.0,38474,1
1548,1.0,39675,1
1549,1.0,40875,0
1550,1.0,42075,0
1551,1.0,43276,0
1552,1.0,44476,1
1553,1.0,45677,0
1554,1.0,46877,0
1555,1.0,48077,0
1556,1.0,49277,0
1557,1.0,50478,0
1558,1.0,51678,0
1559,1.0,52879,0
1560,1.0,54079,0
1561,1.0,55279,0
1562,1.0,56480,0
1563,1.0,57680,0
1564,1.0,58881,0
1565,1.0,60081,0
1566,1.0,61281,0
1567,1.0,62482,0
1568,1.0,63682,0
1569,1.0,64882,0
1570,1.0,66083,0
1571,1.0,67283,0
1572,1.0,68483,1
1573,1.0,69684,1
1574,1.0,70884,0
1575,1.0,72084,0
1576,1.0,73285,0
1577,1.0,74485,0
1578,1.0,75685,0
1579,1.0,76886,0
1580,1.0,78086,0
1581,1.0,79287,1
1582,1.0,80487,0
1583,1.0,81688,0
1584,1.0,82888,0
1585,1.0,84088,0
1586,1.0,85289,0
1587,2.0,89,0
1588,2.0,1289,0
1589,2.0,2490,0
1590,2.0,3690,0
1591,2.0,4890,0
1592,2.0,6091,0
1593,2.0,7291,0
1594,2.0,8492,0
1595,2.0,9692,0
1596,2.0,10893,0
1597,2.0,12093,0
1598,2.0,13293,0
1599,2.0,14494,0
1600,2.0,15694,0
1601,2.0,16894,0
1602,2.0,18095,0
1603,2.0,19295,0
1604,2.0,20495,0
1605,2.0,21695,0
1606,2.0,22896,0
1607,2.0,24096,0
1608,2.0,25297,0
1609,2.0,26497,1
1610,2.0,27698,0
1611,2.0,43302,0
1612,2.0,44502,32
1613,2.0,45703,19
1614,2.0,46903,14
1615,2.0,48104,7
1616,2.0,49304,10
1617,2.0,50504,7
1618,2.0,51705,5
1619,2.0,52905,9
1620,2.0,54105,5
1621,2.0,55306,6
1622,2.0,56506,2
1623,2.0,57707,4
1624,2.0,58907,2
1625,2.0,60107,6
1626,2.0,61308,2
1627,2.0,62508,3
1628,2.0,63709,3
1629,2.0,64909,1
1630,2.0,66109,1
1631,2.0,67310,1
1632,2.0,68510,1
1633,2.0,69710,2
1634,2.0,70911,5
1635,2.0,72111,3
1636,2.0,73312,1
1637,2.0,74512,2
1638,2.0,75713,1
1639,2.0,76913,4
1640,2.0,78114,3
1641,2.0,79314,0
1642,2.0,80515,1
1643,2.0,81715,3
1644,2.0,82915,1
1645,2.0,84116,0
1646,2.0,85316,0
1647,3.0,116,0
1648,3.0,1317,0
1649,3.0,2517,0
1650,3.0,3718,0
1651,3.0,4918,0
1652,3.0,6118,0
1653,3.0,7319,1
1654,3.0,8519,0
1655,3.0,9720,0
1656,3.0,10920,1
1657,3.0,12120,1
1658,3.0,13321,0
1659,3.0,14521,1
1660,3.0,15721,1
1661,3.0,16922,1
1662,3.0,18122,1
1663,3.0,19322,0
1664,3.0,20523,0
1665,3.0,21723,0
1666,3.0,22923,0
1667,3.0,24124,0
1668,3.0,25324,0
1669,3.0,26524,0
1670,3.0,27725,0
1671,3.0,28925,0
1672,3.0,30126,0
1673,3.0,31326,0
1674,3.0,32527,1
1675,3.0,33727,0
1676,3.0,34928,0
1677,3.0,36128,0
1678,3.0,37329,0
1679,3.0,38529,0
1680,3.0,39729,1
1681,3.0,40929,0
1682,3.0,42130,0
1683,3.0,43330,2
1684,3.0,44530,0
1685,3.0,45731,0
1686,3.0,46931,0
1687,3.0,48131,0
1688,3.0,49332,0
1689,3.0,50533,1
1690,3.0,51733,0
1691,3.0,52934,0
1692,3.0,54134,0
1693,3.0,55334,0
1694,3.0,56535,0
1695,3.0,57736,1
1696,3.0,58936,0
1697,3.0,60136,0
1698,3.0,61337,0
1699,3.0,62537,0
1700,3.0,63738,0
1701,3.0,64938,0
1702,3.0,66139,0
1703,3.0,67339,1
1704,3.0,68539,0
1705,3.0,69740,0
1706,3.0,70940,1
1707,3.0,72141,0
1708,3.0,73341,0
1709,3.0,74541,0
1710,3.0,75742,0
1711,3.0,76942,0
1712,3.0,78142,0
1713,3.0,79343,0
1714,3.0,80543,0
1715,3.0,81743,0
1716,3.0,82944,0
1717,3.0,84144,0
1718,3.0,85345,0
1719,4.0,145,0
1720,4.0,1345,0
1721,4.0,2546,0
1722,4.0,3746,0
1723,4.0,4946,0
1724,4.0,6147,0
1725,4.0,7347,0
1726,4.0,8547,0
1727,4.0,9748,0
1728,4.0,10948,0
1729,4.0,12149,0
1730,4.0,13349,0
1731,4.0,14549,0
1732,4.0,15750,0
1733,4.0,16950,0
1734,4.0,18150,0
1735,4.0,19351,0
1736,4.0,20551,0
1737,4.0,21751,0
1738,4.0,22952,0
1739,4.0,24152,0
1740,4.0,25352,0
1741,4.0,26553,0
1742,4.0,27753,0
1743,4.0,28954,0
1744,4.0,30154,0
1745,4.0,31355,0
1746,4.0,32555,0
1747,4.0,33755,0
1748,4.0,34956,0
1749,4.0,36156,0
1750,4.0,37356,0
1751,4.0,38556,0
1752,4.0,39757,0
1753,4.0,40957,1
1754,4.0,42158,0
1755,3.0,49332,13
1756,3.0,50533,22
1757,3.0,51733,17
1758,3.0,52934,11
1759,3.0,54134,8
1760,3.0,55334,14
1761,3.0,56535,7
1762,3.0,57736,8
1763,3.0,58936,7
1764,3.0,60136,3
1765,3.0,61337,7
1766,3.0,62537,4
1767,3.0,63738,4
1768,3.0,64938,6
1769,3.0,66139,3
1770,3.0,67339,5
1771,3.0,68539,1
1772,3.0,69740,2
1773,3.0,70940,1
1774,3.0,72141,3
1775,3.0,73341,4
1776,3.0,74541,6
1777,3.0,75742,1
1778,3.0,76942,1
1779,3.0,78142,4
1780,3.0,79343,2
1781,3.0,80543,3
1782,3.0,81743,0
1783,3.0,82944,0
1784,3.0,84144,0
1785,3.0,85345,0
1786,4.0,145,1
1787,4.0,1345,0
1788,4.0,2546,0
1789,4.0,3746,0
1790,4.0,4946,0
1791,4.0,6147,0
1792,4.0,7347,0
1793,4.0,8547,0
1794,4.0,9748,0
1795,4.0,10948,0
1796,4.0,12149,0
1797,4.0,13349,0
1798,4.0,14549,0
1799,4.0,15750,2
1800,4.0,16950,0
1801,4.0,18150,0
1802,4.0,19351,0
1803,4.0,20551,0
1804,4.0,21751,0
1805,4.0,22952,1
1806,4.0,24152,1
1807,4.0,25352,1
1808,4.0,26553,0
1809,4.0,27753,1
1810,4.0,28954,0
1811,4.0,30154,1
1812,4.0,31355,0
1813,4.0,32555,0
1814,4.0,33755,1
1815,4.0,34956,0
1816,4.0,36156,0
1817,4.0,37356,0
1818,4.0,38556,0
1819,4.0,39757,0
1820,4.0,40957,2
1821,4.0,42158,0
1822,4.0,43358,2
1823,4.0,44558,0
1824,4.0,45759,0
1825,4.0,46959,0
1826,4.0,48160,0
1827,4.0,49360,0
1828,4.0,50560,0
1829,4.0,51760,2
1830,4.0,52961,0
1831,4.0,54161,0
1832,4.0,55362,0
1833,4.0,56562,0
1834,4.0,57763,0
1835,4.0,58963,0
1836,4.0,60164,1
1837,4.0,61364,0
1838,4.0,62564,1
1839,4.0,63765,0
1840,4.0,64965,0
1841,4.0,66166,0
1842,4.0,67366,1
1843,4.0,68566,0
1844,4.0,69767,0
1845,4.0,70967,1
1846,4.0,72168,0
1847,4.0,73368,1
1848,4.0,74568,1
1849,4.0,75769,0
1850,4.0,76969,1
1851,4.0,78169,0
1852,4.0,79370,0
1853,4.0,80570,0
1854,4.0,81770,0
1855,4.0,82971,0
1856,4.0,84171,0
1857,4.0,85371,0
1858,5.0,172,0
1859,5.0,1372,0
1860,5.0,2572,0
1861,5.0,3773,0
1862,5.0,4973,0
1863,5.0,6173,0
1864,5.0,7374,0
1865,5.0,8574,0
1866,5.0,9775,0
1867,5.0,10975,0
1868,5.0,12175,0
1869,5.0,13376,0
1870,5.0,14576,0
1871,5.0,15776,0
1872,5.0,16977,0
1873,5.0,18177,0
1874,5.0,19377,0
1875,5.0,20577,1
1876,5.0,21778,0
1877,5.0,22978,0
1878,5.0,24179,1
1879,5.0,25379,0
1880,5.0,26579,0
1881,5.0,27779,0
1882,5.0,28980,0
1883,5.0,30180,0
1884,5.0,31381,0
1885,5.0,32581,0
1886,5.0,33782,0
1887,5.0,34982,0
1888,5.0,36182,0
1889,5.0,37383,0
1890,5.0,38583,0
1891,5.0,39784,0
1892,5.0,40984,2
1893,5.0,42184,0
1894,5.0,43385,0
1895,5.0,44585,1
1896,5.0,45785,0
1897,5.0,46986,0
1898,5.0,48186,1
1899,4.0,39757,24
1900,4.0,40957,26
1901,4.0,42158,15
1902,4.0,43358,8
1903,4.0,44558,11
1904,4.0,45759,6
1905,4.0,46959,5
1906,4.0,48160,4
1907,4.0,49360,5
1908,4.0,50560,7
1909,4.0,51760,2
1910,4.0,52961,0
1911,4.0,54161,2
1912,4.0,55362,4
1913,4.0,56562,1
1914,4.0,57763,5
1915,4.0,58963,0
1916,4.0,60164,2
1917,4.0,61364,3
1918,4.0,62564,0
1919,4.0,63765,2
1920,4.0,64965,1
1921,4.0,66166,3
1922,4.0,67366,2
1923,4.0,68566,2
1924,4.0,69767,0
1925,4.0,70967,2
1926,4.0,72168,0
1927,4.0,73368,4
1928,4.0,74568,0
1929,4.0,75769,3
1930,4.0,76969,2
1931,4.0,78169,1
1932,4.0,79370,1
1933,4.0,80570,0
1934,4.0,81770,0
1935,4.0,82971,0
1936,4.0,84171,0
1937,4.0,85371,2
1938,5.0,172,0
1939,5.0,1372,0
1940,5.0,2572,0
1941,5.0,3773,0
1942,5.0,4973,0
1943,5.0,6173,0
1944,5.0,7374,0
1945,5.0,8574,0
1946,5.0,9775,0
1947,5.0,10975,0
1948,5.0,12175,0
1949,5.0,13376,0
1950,5.0,14576,0
1951,5.0,15776,0
1952,5.0,16977,0
1953,5.0,18177,0
1954,5.0,19377,2
1955,5.0,20577,0
1956,5.0,21778,0
1957,5.0,22978,0
1958,5.0,24179,1
1959,5.0,25379,0
1960,5.0,26579,2
1961,5.0,27779,0
1962,5.0,28980,0
1963,5.0,30180,0
1964,5.0,31381,0
1965,5.0,32581,0
1966,5.0,33782,1
1967,5.0,34982,0
1968,5.0,36182,0
1969,5.0,37383,0
1970,5.0,38583,0
1971,5.0,39784,0
1972,5.0,40984,1
1973,5.0,42184,0
1974,5.0,43385,0
1975,5.0,44585,0
1976,5.0,45785,0
1977,5.0,46986,0
1978,5.0,48186,1
1979,5.0,49387,0
1980,5.0,50587,0
1981,5.0,51787,0
1982,5.0,52988,0
1983,5.0,54188,0
1984,5.0,55388,0
1985,5.0,56589,1
1986,5.0,57789,0
1987,5.0,58990,0
1988,5.0,60190,0
1989,5.0,61390,0
1990,5.0,62591,0
1991,5.0,63791,0
1992,5.0,64992,0
1993,5.0,66192,0
1994,5.0,67392,0
1995,5.0,68593,0
1996,5.0,69793,0
1997,5.0,70993,0
1998,5.0,72194,0
1999,5.0,73394,1
2000,5.0,74595,0
2001,5.0,75795,0
2002,5.0,76995,1
2003,5.0,78196,0
2004,5.0,79397,0
2005,5.0,80597,0
2006,5.0,81797,0
2007,5.0,82998,0
2008,5.0,84198,0
2009,5.0,85398,0
2010,6.0,199,1
2011,6.0,1399,1
2012,6.0,2600,0
2013,6.0,3800,0
2014,6.0,5000,0
2015,6.0,6201,0
2016,6.0,7401,0
2017,6.0,8601,0
2018,6.0,9802,0
2019,6.0,11002,0
2020,6.0,12202,0
2021,6.0,13403,0
2022,6.0,14603,0
2023,6.0,15804,0
2024,6.0,17004,0
2025,6.0,18204,0
2026,6.0,19405,0
2027,6.0,20605,0
2028,6.0,21806,0
2029,6.0,23006,0
2030,6.0,24207,0
2031,6.0,25407,0
2032,6.0,26607,0
2033,6.0,27808,0
2034,6.0,29009,0
2035,6.0,30209,1
2036,6.0,31409,0
2037,6.0,32609,0
2038,6.0,33810,0
2039,6.0,35010,0
2040,6.0,36211,0
2041,6.0,37411,0
2042,6.0,38611,1
